,,,,Conductivity 25C (field),Conductivity 25C (lab),Oxygen dissolved (lab),Oxygen dissolved (field),pH (field),pH 10.0 (lab),pH 7.0 (lab)
FID,ID,SITE_NAME,DATE,0469 (uS/cm),0470 (uS/cm),0472 (% satn),0471 (% satn),0466 (pH units),0468 (pH units),0467 (pH units)
29033,S1,Swale at Catterick Bridge,27/06/1995 11:00,442,,,106,8.03,,
29033,S1,Swale at Catterick Bridge,04/07/1995 09:30,516,,,97,7.87,,
29033,S1,Swale at Catterick Bridge,11/07/1995 10:30,455,,,63,7.99,,
29033,S1,Swale at Catterick Bridge,18/07/1995 09:30,421,,,119,7.99,,
29033,S1,Swale at Catterick Bridge,25/07/1995 10:30,419,,,145,8.29,,
29033,S1,Swale at Catterick Bridge,01/08/1995 10:30,446,,,92,8.06,,
29033,S1,Swale at Catterick Bridge,08/08/1995 09:00,491,,,106,7.85,,
29033,S1,Swale at Catterick Bridge,15/08/1995 09:00,445,,,96,8.31,,
29033,S1,Swale at Catterick Bridge,22/08/1995 09:00,491,,,87,8.05,,
29033,S1,Swale at Catterick Bridge,30/08/1995 11:00,483,,,,8.21,,
29033,S1,Swale at Catterick Bridge,05/09/1995 10:00,445,,,117,8.2,,
29033,S1,Swale at Catterick Bridge,08/09/1995 13:00,,,,,8.04,,
29033,S1,Swale at Catterick Bridge,12/09/1995 09:00,410,,,104,7.73,,
29033,S1,Swale at Catterick Bridge,19/09/1995 09:30,401,,,103,7.63,,
29033,S1,Swale at Catterick Bridge,26/09/1995 09:30,245,,,115,7.78,,
29033,S1,Swale at Catterick Bridge,03/10/1995 10:30,330,,,113,8.14,,
29033,S1,Swale at Catterick Bridge,10/10/1995 11:00,258,,,105,7.24,,
29033,S1,Swale at Catterick Bridge,17/10/1995 09:30,401,,,94,7.98,,
29033,S1,Swale at Catterick Bridge,24/10/1995 10:30,316,,,103,7.37,,
29033,S1,Swale at Catterick Bridge,31/10/1995 11:00,354,,,105,7.66,,
29033,S1,Swale at Catterick Bridge,07/11/1995 10:30,404,,,,7.85,,
29033,S1,Swale at Catterick Bridge,14/11/1995 11:30,270,,,99,8.04,,
29033,S1,Swale at Catterick Bridge,21/11/1995 11:00,497,,,,7.72,,
29033,S1,Swale at Catterick Bridge,28/11/1995 10:00,234,,,105,7.41,,
29033,S1,Swale at Catterick Bridge,18/12/1995 11:30,337,,,,8.55,,
29033,S1,Swale at Catterick Bridge,03/01/1996 10:00,506,,,,8.06,,
29033,S1,Swale at Catterick Bridge,16/01/1996 10:30,289,,,,6.87,,
29033,S1,Swale at Catterick Bridge,30/01/1996 11:30,506,,,102,6.97,,
29033,S1,Swale at Catterick Bridge,20/02/1996 10:30,306,,,,6.91,,
29033,S1,Swale at Catterick Bridge,27/02/1996 10:00,322,,,116,7.61,,
29033,S1,Swale at Catterick Bridge,13/03/1996 10:00,427,,,114,8.37,,
29033,S1,Swale at Catterick Bridge,25/03/1996 12:00,349,,,,8.69,,
29033,S1,Swale at Catterick Bridge,16/04/1996 10:00,481,,,,7.51,,
29033,S1,Swale at Catterick Bridge,23/04/1996 11:30,460,,,,7.76,,
29033,S1,Swale at Catterick Bridge,30/04/1996 10:00,342,,,107,7.98,,
29033,S1,Swale at Catterick Bridge,14/05/1996 10:00,131,,,,387,,
29033,S1,Swale at Catterick Bridge,21/05/1996 11:00,332,,,134,8.49,,
29033,S1,Swale at Catterick Bridge,04/06/1996 09:30,327,,,133,8.03,,
29033,S1,Swale at Catterick Bridge,11/06/1996 09:30,393,,,103,8.07,,
29033,S1,Swale at Catterick Bridge,18/06/1996 10:00,420,,,123,7.77,,
29033,S1,Swale at Catterick Bridge,09/07/1996 10:00,491,,,,7.92,,
29033,S1,Swale at Catterick Bridge,16/07/1996 09:00,404,,,119,,,
29033,S1,Swale at Catterick Bridge,23/07/1996 09:30,434,,,120,8.17,,
29033,S1,Swale at Catterick Bridge,30/07/1996 09:30,472,,,115,7.91,,
29033,S1,Swale at Catterick Bridge,06/08/1996 09:30,410,,,96,8,,
29033,S1,Swale at Catterick Bridge,13/08/1996 09:30,362,,,93,8.32,,
29033,S1,Swale at Catterick Bridge,20/08/1996 10:00,467,,,129,7.43,,
29033,S1,Swale at Catterick Bridge,11/09/1996 10:00,429,,,111,8.14,,
29033,S1,Swale at Catterick Bridge,17/09/1996 09:30,400,,,109,8.03,,
29033,S1,Swale at Catterick Bridge,24/09/1996 10:00,390,,,125,8.22,,
29033,S1,Swale at Catterick Bridge,08/10/1996 09:00,271,,,,7.69,,
29033,S1,Swale at Catterick Bridge,29/10/1996 10:30,130,,,,7.97,,
29033,S1,Swale at Catterick Bridge,12/11/1996 10:30,152,,,,7.32,,
29033,S1,Swale at Catterick Bridge,26/11/1996 10:00,194,,,,7.58,,
29040,D7,Derwent at Bubwith,15/08/1995 09:00,647,,,115,7.87,,
29040,D7,Derwent at Bubwith,22/08/1995 09:00,718,,,39,7.84,,
29040,D7,Derwent at Bubwith,30/08/1995 09:00,995,,,,7.88,,
29040,D7,Derwent at Bubwith,12/09/1995 09:00,610,,,65,8.11,,
29040,D7,Derwent at Bubwith,19/09/1995 08:30,608,,,108,7.62,,
29040,D7,Derwent at Bubwith,26/09/1995 08:30,676,,,20,7.74,,
29040,D7,Derwent at Bubwith,03/10/1995 08:30,639,,,97,7.85,,
29040,D7,Derwent at Bubwith,10/10/1995 08:30,658,,,49,7.48,,
29040,D7,Derwent at Bubwith,17/10/1995 11:00,617,,,,7.56,,
29040,D7,Derwent at Bubwith,24/10/1995 09:00,706,,,63,8.12,,
29040,D7,Derwent at Bubwith,31/10/1995 09:30,719,,,37,8.18,,
29040,D7,Derwent at Bubwith,14/11/1995 12:00,716,,,,7.92,,
29040,D7,Derwent at Bubwith,28/11/1995 08:30,529,,,,7.64,,
29040,D7,Derwent at Bubwith,28/11/1995 09:00,529,,,33,7.64,,
29040,D7,Derwent at Bubwith,12/12/1995 10:00,618,,,97,7.64,,
29040,D7,Derwent at Bubwith,18/12/1995 09:30,506,,,,,,
29040,D7,Derwent at Bubwith,03/01/1996 09:30,640,,,100,7.97,,
29040,D7,Derwent at Bubwith,16/01/1996 09:30,720,,,96,7.87,,
29040,D7,Derwent at Bubwith,13/02/1996 10:00,619,,,105,8.08,,
29040,D7,Derwent at Bubwith,27/02/1996 10:00,637,,,,8.11,,
29040,D7,Derwent at Bubwith,13/03/1996 09:30,624,,,,7.45,,
29040,D7,Derwent at Bubwith,26/03/1996 10:00,749,,,105,8.2,,
29040,D7,Derwent at Bubwith,16/04/1996 12:30,575,,,120,7.31,,
29040,D7,Derwent at Bubwith,23/04/1996 09:30,729,,,100,8.07,,
29040,D7,Derwent at Bubwith,30/04/1996 09:00,730,,,61,8.09,,
29040,D7,Derwent at Bubwith,08/05/1996 09:30,728,,,,8.12,,
29040,D7,Derwent at Bubwith,14/05/1996 12:00,627,,,124,7.93,,
29040,D7,Derwent at Bubwith,21/05/1996 10:00,656,,,109,7.99,,
29040,D7,Derwent at Bubwith,29/05/1996 07:30,607,,,,8.01,,
29040,D7,Derwent at Bubwith,04/06/1996 07:30,664,,,94,8.15,,
29040,D7,Derwent at Bubwith,11/06/1996 09:00,798,,,100,8.13,,
29040,D7,Derwent at Bubwith,18/06/1996 09:00,655,,,106,8.22,,
29040,D7,Derwent at Bubwith,25/06/1996 08:00,644,,,106,7.74,,
29040,D7,Derwent at Bubwith,09/07/1996 07:30,676,,,102,7.54,,
29040,D7,Derwent at Bubwith,16/07/1996 09:30,665,,,95,7.22,,
29040,D7,Derwent at Bubwith,23/07/1996 10:00,555,,,126,8.06,,
29040,D7,Derwent at Bubwith,30/07/1996 09:00,570,,,,7.61,,
29040,D7,Derwent at Bubwith,06/08/1996 10:00,649,,,119,8.24,,
29040,D7,Derwent at Bubwith,13/08/1996 09:30,695,,,90,8.05,,
29040,D7,Derwent at Bubwith,03/09/1996 09:30,668,,,,7.71,,
29040,D7,Derwent at Bubwith,11/09/1996 09:00,722,,,96,8.07,,
29040,D7,Derwent at Bubwith,24/09/1996 10:00,811,,,99,8.42,,
29040,D7,Derwent at Bubwith,29/10/1996 11:30,823,,,53,7.93,,
29040,D7,Derwent at Bubwith,12/11/1996 10:00,707,,,89,,,
29040,D7,Derwent at Bubwith,16/12/1996 10:30,915,,,,7.5,,
29041,A8,Aire at Beal Bridge,07/10/1994 12:00,,1415,96.1,,,10.09,7.1
29041,A8,Aire at Beal Bridge,21/10/1994 11:00,1117,693,94.5,,7.73,10.16,7.1
29041,A8,Aire at Beal Bridge,04/11/1994 13:00,676,683,97.5,103,7.11,10.1,7.1
29041,A8,Aire at Beal Bridge,18/11/1994 11:30,532,736,100.5,43,6.89,10.15,7.2
29041,A8,Aire at Beal Bridge,02/12/1994 13:30,731,689,102.5,92,7.7,10.08,7.1
29041,A8,Aire at Beal Bridge,16/12/1994 12:30,589,707,100.4,92,7.65,10.04,7.1
29041,A8,Aire at Beal Bridge,04/01/1995 10:30,574,733,101.4,,7.51,10.14,7.2
29041,A8,Aire at Beal Bridge,17/01/1995 15:30,686,,,,8.12,,
29041,A8,Aire at Beal Bridge,01/02/1995 02:30,,688,103.1,,,10.19,7.2
29041,A8,Aire at Beal Bridge,07/02/1995 13:30,791,,,104,8.28,,
29041,A8,Aire at Beal Bridge,07/03/1995 13:30,627,,,,7.12,,
29041,A8,Aire at Beal Bridge,07/03/1995 14:00,627,,,,7.12,,
29041,A8,Aire at Beal Bridge,23/03/1995 15:00,796,672,104.2,61,7.2,10.17,7.2
29041,A8,Aire at Beal Bridge,04/04/1995 10:00,816,744,101.1,82,7.04,10.36,7.4
29041,A8,Aire at Beal Bridge,19/04/1995 09:30,1092,689,95.2,75,7.79,10.79,7.8
29041,A8,Aire at Beal Bridge,16/05/1995 10:00,1257,,,,7.19,,
29041,A8,Aire at Beal Bridge,26/05/1995 10:00,1216,,,81,7.48,,
29041,A8,Aire at Beal Bridge,06/06/1995 10:00,1047,,,41,7.18,,
29041,A8,Aire at Beal Bridge,13/06/1995 08:30,1180,,,,7.23,,
29041,A8,Aire at Beal Bridge,20/06/1995 10:00,1459,,,89,7.14,,
29041,A8,Aire at Beal Bridge,27/06/1995 10:00,1268,,,,7.62,,
29041,A8,Aire at Beal Bridge,04/07/1995 07:00,1468,,,,7.38,,
29041,A8,Aire at Beal Bridge,11/07/1995 08:30,1460,,,65,7.28,,
29041,A8,Aire at Beal Bridge,18/07/1995 09:00,1471,,,53,7.15,,
29041,A8,Aire at Beal Bridge,25/07/1995 10:30,1467,,,66,7.41,,
29041,A8,Aire at Beal Bridge,01/08/1995 10:00,1417,,,59,7.23,,
29041,A8,Aire at Beal Bridge,08/08/1995 10:30,1403,,,25,7.75,,
29041,A8,Aire at Beal Bridge,15/08/1995 09:00,1328,,,101,7.27,,
29041,A8,Aire at Beal Bridge,22/08/1995 09:00,1397,,,107,7.32,,
29041,A8,Aire at Beal Bridge,05/09/1995 09:30,1521,,,28,7.43,,
29041,A8,Aire at Beal Bridge,12/09/1995 08:00,610,,,65,8.11,,
29041,A8,Aire at Beal Bridge,19/09/1995 10:00,1058,,,,7.13,,
29041,A8,Aire at Beal Bridge,26/09/1995 09:30,1367,,,5,7.16,,
29041,A8,Aire at Beal Bridge,03/10/1995 10:00,1267,,,89,7.51,,
29041,A8,Aire at Beal Bridge,10/10/1995 09:30,1358,,,,,,
29041,A8,Aire at Beal Bridge,17/10/1995 09:30,1227,,,,7.22,,
29041,A8,Aire at Beal Bridge,24/10/1995 10:00,1492,,,47,7.4,,
29041,A8,Aire at Beal Bridge,31/10/1995 10:30,1513,,,29,7.34,,
29041,A8,Aire at Beal Bridge,14/11/1995 13:00,1257,,,,7.27,,
29041,A8,Aire at Beal Bridge,28/11/1995 10:30,1370,,,26,7.24,,
29041,A8,Aire at Beal Bridge,12/12/1995 11:30,1439,,,83,7.56,,
29041,A8,Aire at Beal Bridge,18/12/1995 11:00,1484,,,,,,
29041,A8,Aire at Beal Bridge,03/01/1996 11:00,1275,,,86,7.46,,
29041,A8,Aire at Beal Bridge,16/01/1996 10:30,1020,,,92,7.08,,
29041,A8,Aire at Beal Bridge,30/01/1996 11:00,1412,,,35,7.34,,
29041,A8,Aire at Beal Bridge,27/02/1996 10:30,925,,,,7.24,,
29041,A8,Aire at Beal Bridge,13/03/1996 11:00,1302,,,73,7.68,,
29041,A8,Aire at Beal Bridge,26/03/1996 11:00,1310,,,98,8.54,,
29041,A8,Aire at Beal Bridge,16/04/1996 11:30,1159,,,88,7.44,,
29041,A8,Aire at Beal Bridge,23/04/1996 10:00,1366,,,76,7.39,,
29041,A8,Aire at Beal Bridge,30/04/1996 09:00,1169,,,,7.73,,
29041,A8,Aire at Beal Bridge,08/05/1996 09:30,1038,,,94,7.43,,
29041,A8,Aire at Beal Bridge,04/06/1996 09:00,1223,,,80,7.43,,
29041,A8,Aire at Beal Bridge,11/06/1996 10:00,1236,,,,8.11,,
29041,A8,Aire at Beal Bridge,18/06/1996 08:30,1367,,,68,7.79,,
29041,A8,Aire at Beal Bridge,18/06/1996 09:00,1.67,,,68,7.79,,
29041,A8,Aire at Beal Bridge,25/06/1996 09:00,1453,,,54,7.41,,
29041,A8,Aire at Beal Bridge,09/07/1996 09:00,1196,,,67,7.3,,
29041,A8,Aire at Beal Bridge,16/07/1996 09:00,1410,,,58,7.84,,
29041,A8,Aire at Beal Bridge,23/07/1996 11:00,1200,,,66,6.78,,
29041,A8,Aire at Beal Bridge,30/07/1996 10:00,1205,,,,7.45,,
29041,A8,Aire at Beal Bridge,06/08/1996 09:00,1345,,,,7.42,,
29041,A8,Aire at Beal Bridge,20/08/1996 10:00,1184,,,79,7.83,,
29041,A8,Aire at Beal Bridge,03/09/1996 10:00,1030,,,,7.33,,
29041,A8,Aire at Beal Bridge,11/09/1996 09:30,1296,,,,7.48,,
29041,A8,Aire at Beal Bridge,17/09/1996 09:00,1669,,,73,7.45,,
29041,A8,Aire at Beal Bridge,24/09/1996 10:00,1666,,,,8.32,,
29041,A8,Aire at Beal Bridge,29/10/1996 11:00,915,,,,8.15,,
29041,A8,Aire at Beal Bridge,12/11/1996 19:00,684,,,85,,,
29041,A8,Aire at Beal Bridge,16/12/1996 11:00,915,,,,7.5,,
29041,A8,Aire at Beal Bridge,07/01/1997 11:00,1827,,,82,8.5,,
29041,A8,Aire at Beal Bridge,21/01/1997 11:00,1405,,,84,7.96,,
29041,A8,Aire at Beal Bridge,04/02/1997 11:00,1322,,,72,8.03,,
29043,T11,Trent at Cromwell Lock,07/10/1994 14:30,,1409,99.2,,,10.14,7.2
29043,T11,Trent at Cromwell Lock,21/10/1994 14:30,1330,701,93.2,,7.91,10.13,7.1
29043,T11,Trent at Cromwell Lock,08/11/1994 11:30,744,688,102.8,,7.59,10.34,7.4
29043,T11,Trent at Cromwell Lock,22/11/1994 11:00,863,730,101.5,70,7.61,10.07,7
29043,T11,Trent at Cromwell Lock,06/12/1994 11:30,908,694,103.1,56,7.91,10.07,7
29043,T11,Trent at Cromwell Lock,20/12/1994 13:00,694,697,102.1,106,7.94,9.98,6.9
29043,T11,Trent at Cromwell Lock,04/01/1995 12:00,881,727,114.5,,7.65,10.17,7.3
29043,T11,Trent at Cromwell Lock,17/01/1995 11:00,893,,,,7.85,,
29043,T11,Trent at Cromwell Lock,04/02/1995 21:30,,677,97.8,,,10.12,7.1
29043,T11,Trent at Cromwell Lock,07/02/1995 11:00,1024,,,104,8.08,,
29043,T11,Trent at Cromwell Lock,21/02/1995 10:00,801,692,101.7,,8.2,10.17,7.2
29043,T11,Trent at Cromwell Lock,21/02/1995 10:30,,,,102,,,
29043,T11,Trent at Cromwell Lock,07/03/1995 11:00,906,689,101.3,,7.85,10.2,7.2
29043,T11,Trent at Cromwell Lock,22/03/1995 11:00,984,,,80,7.93,,
29043,T11,Trent at Cromwell Lock,04/04/1995 10:00,679,,,97.6,7.16,,
29043,T11,Trent at Cromwell Lock,19/04/1995 09:30,1252,,,94,8.14,,
29043,T11,Trent at Cromwell Lock,02/05/1995 09:30,1244,,,,8.34,,
29043,T11,Trent at Cromwell Lock,16/05/1995 10:00,1205,,,110,7.51,,
29043,T11,Trent at Cromwell Lock,26/05/1995 15:00,1156,,,122,8.14,,
29043,T11,Trent at Cromwell Lock,13/06/1995 09:30,1133,,,102,8.08,,
29043,T11,Trent at Cromwell Lock,27/06/1995 09:30,1180,,,94,7.94,,
29043,T11,Trent at Cromwell Lock,04/07/1995 11:00,1338,,,75,7.8,,
29043,T11,Trent at Cromwell Lock,11/07/1995 09:00,1275,,,87,7.85,,
29043,T11,Trent at Cromwell Lock,01/08/1995 09:00,1400,,,56,7.76,,
29043,T11,Trent at Cromwell Lock,08/08/1995 09:00,1263,,,74,8.15,,
29043,T11,Trent at Cromwell Lock,15/08/1995 09:00,1427,,,83,7.94,,
29043,T11,Trent at Cromwell Lock,22/08/1995 09:00,1295,,,86,7.85,,
29043,T11,Trent at Cromwell Lock,30/08/1995 10:00,1365,,,88,8,,
29043,T11,Trent at Cromwell Lock,05/09/1995 09:00,1305,,,91,7.85,,
29043,T11,Trent at Cromwell Lock,12/09/1995 11:30,891,,,85,7.72,,
29043,T11,Trent at Cromwell Lock,19/09/1995 09:30,1137,,,62,7.78,,
29043,T11,Trent at Cromwell Lock,26/09/1995 09:30,1147,,,93,7.95,,
29043,T11,Trent at Cromwell Lock,03/10/1995 09:30,1005,,,,8.03,,
29043,T11,Trent at Cromwell Lock,10/10/1995 11:00,1305,,,99,8.02,,
29043,T11,Trent at Cromwell Lock,17/10/1995 09:30,1223,,,97,7.59,,
29043,T11,Trent at Cromwell Lock,24/10/1995 10:00,1423,,,,8.25,,
29043,T11,Trent at Cromwell Lock,31/10/1995 09:30,1150,,,,7.7,,
29043,T11,Trent at Cromwell Lock,14/11/1995 10:30,1255,,,,7.78,,
29043,T11,Trent at Cromwell Lock,28/11/1995 10:00,1063,,,103,7.73,,
29043,T11,Trent at Cromwell Lock,12/12/1995 10:30,1334,,,102,8.02,,
29043,T11,Trent at Cromwell Lock,18/12/1995 10:00,1471,,,,8.31,,
29043,T11,Trent at Cromwell Lock,03/01/1996 10:00,,,,105,8.3,,
29043,T11,Trent at Cromwell Lock,30/01/1996 10:00,1562,,,21,7.92,,
29043,T11,Trent at Cromwell Lock,13/02/1996 11:00,912,,,,7.59,,
29043,T11,Trent at Cromwell Lock,27/02/1996 10:00,1117,,,108,8.73,,
29043,T11,Trent at Cromwell Lock,13/03/1996 10:00,1302,,,106,8.16,,
29043,T11,Trent at Cromwell Lock,26/03/1996 10:00,1244,,,,8.49,,
29043,T11,Trent at Cromwell Lock,08/05/1996 09:00,1347,,,89,8.62,,
29043,T11,Trent at Cromwell Lock,04/06/1996 09:00,1183,,,155,8.74,,
29043,T11,Trent at Cromwell Lock,11/06/1996 09:00,1344,,,100,8.58,,
29043,T11,Trent at Cromwell Lock,25/06/1996 09:00,1476,,,,8.41,,
29043,T11,Trent at Cromwell Lock,09/07/1996 09:00,1153,,,,7.87,,
29043,T11,Trent at Cromwell Lock,06/08/1996 09:00,1384,,,81,7.65,,
29043,T11,Trent at Cromwell Lock,13/08/1996 08:00,1150,,,86,7.69,,
29043,T11,Trent at Cromwell Lock,03/09/1996 09:00,,,,95,7.79,,
29043,T11,Trent at Cromwell Lock,24/09/1996 09:00,1529,,,95,8.13,,
29043,T11,Trent at Cromwell Lock,29/10/1996 10:00,1185,,,,8.01,,
29043,T11,Trent at Cromwell Lock,12/11/1996 10:00,1144,,,91,8.17,,
29043,T11,Trent at Cromwell Lock,26/11/1996 10:30,1054,,,,,,
29043,T11,Trent at Cromwell Lock,16/12/1996 11:00,1134,,,115,7.44,,
29043,T11,Trent at Cromwell Lock,07/01/1997 10:30,1384,,,94,7.78,,
29043,T11,Trent at Cromwell Lock,21/01/1997 10:00,,,,87,,,
29043,T11,Trent at Cromwell Lock,04/02/1997 10:00,1297,,,,7.87,,
29044,C9,Calder at Methley Bridge,07/10/1994 11:30,,1.396999955,96.6,,,10.18000031,7.2
29044,C9,Calder at Methley Bridge,21/10/1994 11:30,963,688,95.8,,7.68,10.21000004,7.2
29044,C9,Calder at Methley Bridge,04/11/1994 12:00,654,687,98.2,96,6.98,10.14000034,7.2
29044,C9,Calder at Methley Bridge,16/11/1994 18:30,,730,95.7,,,10.09000015,7.1
29044,C9,Calder at Methley Bridge,18/11/1994 14:30,505,,,,6.99,,
29044,C9,Calder at Methley Bridge,02/12/1994 12:30,782,,,80,8.14,,
29044,C9,Calder at Methley Bridge,16/12/1994 11:30,590,707,97.7,90,7.36,10.09000015,7.2
29044,C9,Calder at Methley Bridge,04/01/1995 14:30,533,708,,,7.18,10.21000004,7.3
29044,C9,Calder at Methley Bridge,17/01/1995 14:00,658,710,94.2,100,8.19,10.19999981,7.2
29044,C9,Calder at Methley Bridge,05/02/1995 09:30,,710,94.2,,,10.19999981,7.2
29044,C9,Calder at Methley Bridge,07/02/1995 14:30,669,,,100,6.97,,
29044,C9,Calder at Methley Bridge,21/02/1995 14:00,503,666,100.4,121,7.77,10.10999966,7.2
29044,C9,Calder at Methley Bridge,07/03/1995 15:00,647,661,95.8,,7.64,10.07999992,7.1
29044,C9,Calder at Methley Bridge,07/03/1995 15:30,647,661,95.8,,7.64,10.08,7.1
29044,C9,Calder at Methley Bridge,22/03/1995 13:00,811,665,102.3,72,7.21,10.14,7.1
29044,C9,Calder at Methley Bridge,04/04/1995 11:30,778,743,92.2,113,7.51,10.14,7.3
29044,C9,Calder at Methley Bridge,19/04/1995 11:30,964,691,101.1,86,7.45,10.41,7.5
29044,C9,Calder at Methley Bridge,02/05/1995 11:30,1172,733,102.7,,7.23,10.13,7.2
29044,C9,Calder at Methley Bridge,16/05/1995 11:30,1205,733,89.1,63,7.5,10.33,7.3
29044,C9,Calder at Methley Bridge,26/05/1995 10:00,1198,,,69,7.32,,
29044,C9,Calder at Methley Bridge,06/06/1995 13:00,1123,,,46,7.21,,
29044,C9,Calder at Methley Bridge,13/06/1995 11:30,1218,,,69,7.22,,
29044,C9,Calder at Methley Bridge,27/06/1995 11:30,1201,,,64,7.23,,
29044,C9,Calder at Methley Bridge,04/07/1995 08:30,1409,,,38,7.37,,
29044,C9,Calder at Methley Bridge,11/07/1995 11:00,1374,,,52,7.74,,
29044,C9,Calder at Methley Bridge,18/07/1995 08:30,1334,,,35,7.28,,
29044,C9,Calder at Methley Bridge,25/07/1995 12:00,1462,,,46,7.43,,
29044,C9,Calder at Methley Bridge,01/08/1995 11:30,1266,,,54,7.18,,
29044,C9,Calder at Methley Bridge,08/08/1995 12:00,1004,,,59,7.19,,
29044,C9,Calder at Methley Bridge,15/08/1995 11:00,1293,,,48,7.23,,
29044,C9,Calder at Methley Bridge,15/08/1995 11:30,1293,,,48,7.23,,
29044,C9,Calder at Methley Bridge,30/08/1995 12:00,1424,,,50,7.09,,
29044,C9,Calder at Methley Bridge,05/09/1995 12:30,1324,,,50,7.21,,
29044,C9,Calder at Methley Bridge,12/09/1995 12:30,888,,,47,7.51,,
29044,C9,Calder at Methley Bridge,19/09/1995 12:30,1139,,,,7.06,,
29044,C9,Calder at Methley Bridge,26/09/1995 12:00,1308,,,58,7.29,,
29044,C9,Calder at Methley Bridge,03/10/1995 11:30,1191,,,,7.22,,
29044,C9,Calder at Methley Bridge,10/10/1995 12:00,1454,,,56,7.14,,
29044,C9,Calder at Methley Bridge,17/10/1995 11:30,1233,,,49,7.58,,
29044,C9,Calder at Methley Bridge,24/10/1995 12:00,1429,,,,7.71,,
29044,C9,Calder at Methley Bridge,31/10/1995 11:30,1105,,,,7.3,,
29044,C9,Calder at Methley Bridge,14/11/1995 12:00,1346,,,62,7.23,,
29044,C9,Calder at Methley Bridge,28/11/1995 12:00,1215,,,69,7.59,,
29044,C9,Calder at Methley Bridge,12/12/1995 13:00,1512,,,74,6.77,,
29044,C9,Calder at Methley Bridge,18/12/1995 12:30,1496,,,,7.24,,
29044,C9,Calder at Methley Bridge,03/01/1996 13:00,,,,70,7,,
29044,C9,Calder at Methley Bridge,03/01/1996 14:00,,,,70,7,,
29044,C9,Calder at Methley Bridge,16/01/1996 13:00,982,,,,7.22,,
29044,C9,Calder at Methley Bridge,30/01/1996 14:00,1874,,,,7.79,,
29044,C9,Calder at Methley Bridge,13/02/1996 13:30,750,,,,7.45,,
29044,C9,Calder at Methley Bridge,27/02/1996 13:30,1030,,,,7.05,,
29044,C9,Calder at Methley Bridge,13/03/1996 14:00,1169,,,98,7.53,,
29044,C9,Calder at Methley Bridge,26/03/1996 12:30,1075,,,,7.07,,
29044,C9,Calder at Methley Bridge,17/04/1996 15:00,1202,,,62,7.11,,
29044,C9,Calder at Methley Bridge,30/04/1996 11:30,1225,,,70,7.31,,
29044,C9,Calder at Methley Bridge,08/05/1996 12:00,937,,,,7.67,,
29044,C9,Calder at Methley Bridge,14/05/1996 11:30,1247,,,76,7.16,,
29044,C9,Calder at Methley Bridge,22/05/1996 10:30,1226,,,,7.17,,
29044,C9,Calder at Methley Bridge,04/06/1996 12:00,997,,,,7.24,,
29044,C9,Calder at Methley Bridge,18/06/1996 12:00,1319,,,51,7.7,,
29044,C9,Calder at Methley Bridge,25/06/1996 11:30,1610,,,,7.28,,
29044,C9,Calder at Methley Bridge,09/07/1996 12:00,1200,,,,7.34,,
29044,C9,Calder at Methley Bridge,16/07/1996 12:00,1503,,,,7.61,,
29044,C9,Calder at Methley Bridge,23/07/1996 11:30,1623,,,,7.17,,
29044,C9,Calder at Methley Bridge,06/08/1996 12:00,1301,,,,7.4,,
29044,C9,Calder at Methley Bridge,13/08/1996 11:30,1118,,,75,7.38,,
29044,C9,Calder at Methley Bridge,20/08/1996 12:00,1393,,,,7.29,,
29044,C9,Calder at Methley Bridge,03/09/1996 12:30,,,,81,7.49,,
29044,C9,Calder at Methley Bridge,11/09/1996 11:00,1544,,,66,7.24,,
29044,C9,Calder at Methley Bridge,17/09/1996 12:00,1379,,,,7.32,,
29044,C9,Calder at Methley Bridge,24/09/1996 11:30,1713,,,66,7.38,,
29044,C9,Calder at Methley Bridge,08/10/1996 11:00,747,,,,,,
29044,C9,Calder at Methley Bridge,29/10/1996 12:00,1075,,,,7.4,,
29044,C9,Calder at Methley Bridge,12/11/1996 12:30,733,,,88,8.29,,
29044,C9,Calder at Methley Bridge,26/11/1996 09:00,493,,,,,,
1552044,S32,Swale at Crakehill,02/02/1994 12:00,,1990,97.1,,,10.13,7.2
1552044,S32,Swale at Crakehill,16/02/1994 10:30,,1950,97,,,10.1,7.1
1552044,S32,Swale at Crakehill,02/03/1994 16:00,,2030,110.9,,,10.14,7.2
1552044,S32,Swale at Crakehill,17/03/1994 12:00,,1900,105,,,10.14,7.3
1552044,S32,Swale at Crakehill,31/03/1994 09:30,,1920,93.5,,,10.05,7.2
1552044,S32,Swale at Crakehill,15/04/1994 09:30,,1950,111,,,10.1,7.3
1552044,S32,Swale at Crakehill,29/04/1994 10:30,411,,96,,8.35,,
1552044,S32,Swale at Crakehill,13/05/1994 12:00,640,1960,101,,8.41,10.08,7.1
1552044,S32,Swale at Crakehill,27/05/1994 01:00,,1930,95,,,10.1,7.1
1552044,S32,Swale at Crakehill,27/05/1994 12:00,563,,,92.2,7.94,,
1552044,S32,Swale at Crakehill,10/06/1994 10:30,641,,,87.9,8.06,,
1552044,S32,Swale at Crakehill,24/06/1994 11:30,468,,99.4,,8.04,,
1552044,S32,Swale at Crakehill,07/07/1994 14:00,637,,,83,7.94,,
1552046,A18,Aire above Thwaite Mill Weir,08/12/1995 11:30,1203,,,96,,,
1552046,A18,Aire above Thwaite Mill Weir,21/12/1995 12:00,874,,,,7.27,,
1552046,A18,Aire above Thwaite Mill Weir,08/01/1996 14:00,545,,,,7.25,,
1552046,A18,Aire above Thwaite Mill Weir,19/01/1996 12:00,888,,,,7.63,,
1552046,A18,Aire above Thwaite Mill Weir,02/02/1996 11:30,1653,,,64,7.51,,
1552046,A18,Aire above Thwaite Mill Weir,01/03/1996 13:00,879,,,,,,
1552046,A18,Aire above Thwaite Mill Weir,10/05/1996 12:00,898,,,99,7.79,,
1552046,A18,Aire above Thwaite Mill Weir,17/05/1996 10:00,970,,,98,8.02,,
1552046,A18,Aire above Thwaite Mill Weir,24/05/1996 10:00,763,,,97,,,
1552046,A18,Aire above Thwaite Mill Weir,31/05/1996 11:30,644,,,98,7.81,,
1552046,A18,Aire above Thwaite Mill Weir,07/06/1996 10:30,778,,,122,7.79,,
1552046,A18,Aire above Thwaite Mill Weir,14/06/1996 11:00,931,,,,7.97,,
1552046,A18,Aire above Thwaite Mill Weir,26/06/1996 14:00,931,,,,7.97,,
1552046,A18,Aire above Thwaite Mill Weir,05/07/1996 11:00,802,,,,7.58,,
1552046,A18,Aire above Thwaite Mill Weir,12/07/1996 11:00,1030,,,84,7.64,,
1552046,A18,Aire above Thwaite Mill Weir,25/07/1996 11:00,1006,,,36,7.83,,
1552046,A18,Aire above Thwaite Mill Weir,02/08/1996 10:00,842,,,52,8.13,,
1552046,A18,Aire above Thwaite Mill Weir,09/08/1996 11:00,555,,,103,,,
1552046,A18,Aire above Thwaite Mill Weir,16/08/1996 12:00,708,,,118,,,
1552046,A18,Aire above Thwaite Mill Weir,23/08/1996 10:00,668,,,81,7.61,,
1552046,A18,Aire above Thwaite Mill Weir,30/08/1996 11:00,615,,,,8.43,,
1552046,A18,Aire above Thwaite Mill Weir,06/09/1996 12:30,842,,,60,7.8,,
1552046,A18,Aire above Thwaite Mill Weir,13/09/1996 10:30,949,,,81,7.93,,
1552046,A18,Aire above Thwaite Mill Weir,27/09/1996 11:30,1023,,,78,7.71,,
1552046,A18,Aire above Thwaite Mill Weir,01/11/1996 13:00,820,,,,7.86,,
1552046,A18,Aire above Thwaite Mill Weir,21/11/1996 12:00,,,,,8.15,,
1552048,A19,Aire at Fleet Weir,08/12/1995 11:00,1203,,,78,8.62,,
1552048,A19,Aire at Fleet Weir,21/12/1995 11:30,874,,,,7.48,,
1552048,A19,Aire at Fleet Weir,08/01/1996 13:30,659,,,,8.03,,
1552048,A19,Aire at Fleet Weir,19/01/1996 11:30,1090,,,,7.63,,
1552048,A19,Aire at Fleet Weir,02/02/1996 11:00,1653,,,64,7.51,,
1552048,A19,Aire at Fleet Weir,01/03/1996 12:30,765,,,,,,
1552048,A19,Aire at Fleet Weir,10/05/1996 10:00,1034,,,79,7.65,,
1552048,A19,Aire at Fleet Weir,17/05/1996 11:00,1153,,,82,7.57,,
1552048,A19,Aire at Fleet Weir,24/05/1996 09:30,874,,,71,,,
1552048,A19,Aire at Fleet Weir,31/05/1996 11:00,744,,,78,7.77,,
1552048,A19,Aire at Fleet Weir,07/06/1996 09:30,1041,,,78,7.48,,
1552048,A19,Aire at Fleet Weir,14/06/1996 11:30,1047,,,,7.8,,
1552048,A19,Aire at Fleet Weir,28/06/1996 10:00,1047,,,,7.8,,
1552048,A19,Aire at Fleet Weir,05/07/1996 09:30,973,,,,7.55,,
1552048,A19,Aire at Fleet Weir,12/07/1996 09:30,1228,,,38,7.3,,
1552048,A19,Aire at Fleet Weir,09/08/1996 09:30,952,,,55,,,
1552048,A19,Aire at Fleet Weir,09/08/1996 10:00,952,,,55,,,
1552048,A19,Aire at Fleet Weir,23/08/1996 09:00,828,,,52,7.5,,
1552048,A19,Aire at Fleet Weir,23/08/1996 09:30,828,,,52,7.5,,
1552048,A19,Aire at Fleet Weir,30/08/1996 09:30,682,,,,7.81,,
1552048,A19,Aire at Fleet Weir,30/08/1996 10:30,682,,,,7.81,,
1552048,A19,Aire at Fleet Weir,13/09/1996 10:00,1130,,,63,8.09,,
1552048,A19,Aire at Fleet Weir,01/11/1996 12:00,838,,,,7.72,,
1584376,O16,Ouse at Skelton,07/10/1994 10:30,,1428,91.7,,,10.18999958,7.2
1584376,O16,Ouse at Skelton,04/11/1994 10:30,343,681,99.3,115,7.44,10.15999985,7.2
1584376,O16,Ouse at Skelton,18/11/1994 17:00,,737,103.7,,,10.34000015,7.3
1584376,O16,Ouse at Skelton,25/11/1994 16:30,561,,,102,8.03,,
1584376,O16,Ouse at Skelton,02/12/1994 11:00,563,698,112.1,101,7.79,10.21000004,7.2
1584376,O16,Ouse at Skelton,16/12/1994 17:00,,683,99.3,,,10.19999981,7.2
1584376,O16,Ouse at Skelton,05/01/1995 13:30,607,756,101.6,55,8.44,10.27000046,7.3
1584376,O16,Ouse at Skelton,10/02/1995 10:00,584,,,102,7.83,,
1584376,O16,Ouse at Skelton,27/02/1995 11:00,477,692,97.4,112,7.66,10.22000027,7.3
1584376,O16,Ouse at Skelton,06/03/1995 15:30,,,,,4,,
1584376,O16,Ouse at Skelton,08/03/1995 13:00,518,680,108.4,107,8.15,10.06000042,7
1584376,O16,Ouse at Skelton,23/03/1995 13:00,518,681,103.8,74,8.1,10.18000031,7.2
1584376,O16,Ouse at Skelton,01/08/1995 07:30,618,,,52,7.96,,
1584376,O16,Ouse at Skelton,08/08/1995 11:30,690,,,83,7.85,,
1584376,O16,Ouse at Skelton,14/08/1995 08:00,657,,,99,7.99,,
1584376,O16,Ouse at Skelton,30/08/1995 08:30,,,,81,,,
1584376,O16,Ouse at Skelton,05/09/1995 08:00,816,,,94,8.04,,
1584376,O16,Ouse at Skelton,12/09/1995 12:30,643,,,94,7.8,,
1584376,O16,Ouse at Skelton,19/09/1995 11:00,573,,,98,7.51,,
1584376,O16,Ouse at Skelton,26/09/1995 08:00,653,,,103,7.63,,
1584376,O16,Ouse at Skelton,03/10/1995 08:30,611,,,95,7.94,,
1584376,O16,Ouse at Skelton,10/10/1995 08:30,300,,,97,7.35,,
1584376,O16,Ouse at Skelton,17/10/1995 12:00,583,,,93,7.6,,
1584376,O16,Ouse at Skelton,24/10/1995 12:30,537,,,100,7.52,,
1584376,O16,Ouse at Skelton,05/12/1995 12:30,471,,,,,,
1584376,O16,Ouse at Skelton,12/12/1995 08:30,555,,,83,7.63,,
1584376,O16,Ouse at Skelton,18/12/1995 09:30,567,,,,8.13,,
1584376,O16,Ouse at Skelton,16/01/1996 12:30,380,,,,6.7,,
1584376,O16,Ouse at Skelton,30/01/1996 09:00,989,,,101,8.11,,
1584376,O16,Ouse at Skelton,27/02/1996 12:30,478,,,129,7.6,,
1584376,O16,Ouse at Skelton,19/03/1996 09:30,953,,,99,7.5,,
1584376,O16,Ouse at Skelton,23/04/1996 08:30,488,,,54,7.81,,
1584376,O16,Ouse at Skelton,08/05/1996 12:30,497,,,,7.99,,
1584376,O16,Ouse at Skelton,14/05/1996 08:30,646,,,112,8.42,,
1584376,O16,Ouse at Skelton,04/06/1996 12:00,375,,,118,8,,
1584376,O16,Ouse at Skelton,11/06/1996 08:00,,,,97,,,
1584376,O16,Ouse at Skelton,25/06/1996 11:30,666,,,172,8.74,,
1584376,O16,Ouse at Skelton,09/07/1996 11:30,445,,,109,7.39,,
1584376,O16,Ouse at Skelton,16/07/1996 11:30,526,,,104,,,
1584376,O16,Ouse at Skelton,30/07/1996 11:30,690,,,83,8.19,,
1584376,O16,Ouse at Skelton,06/08/1996 12:00,621,,,98,8.03,,
1584376,O16,Ouse at Skelton,13/08/1996 11:00,640,,,83,8.19,,
1584376,O16,Ouse at Skelton,20/08/1996 07:30,642,,,102,8.3,,
1584376,O16,Ouse at Skelton,17/09/1996 11:00,592,,,100,8.09,,
1584376,O16,Ouse at Skelton,24/09/1996 11:00,558,,,51,8.08,,
1584376,O16,Ouse at Skelton,08/10/1996 11:00,262,,,,7.69,,
1584376,O16,Ouse at Skelton,12/11/1996 13:30,339,,,,7.35,,
1584377,N33,Nidd at Hunsingore,16/02/1994 12:00,,1920,104.2,,,9.73,6.8
1584377,N33,Nidd at Hunsingore,02/03/1994 16:00,,2060,109.3,,,9.75,6.8
1584377,N33,Nidd at Hunsingore,17/03/1994 12:30,,1920,105.3,,,10.04,7.1
1584377,N33,Nidd at Hunsingore,31/03/1994 10:30,,1970,106.1,,,10.07,7.1
1584377,N33,Nidd at Hunsingore,29/04/1994 11:30,390,,98.3,,7.79,,
1584377,N33,Nidd at Hunsingore,13/05/1994 12:30,461,,104.5,,8.08,,
1584377,N33,Nidd at Hunsingore,27/05/1994 13:00,432,,,80.3,7.14,,
1584377,N33,Nidd at Hunsingore,10/06/1994 11:30,471,,,83.2,7.5,,
1584377,N33,Nidd at Hunsingore,24/06/1994 12:30,433,,100.3,,8.02,,
1584377,N33,Nidd at Hunsingore,07/07/1994 15:00,439,,,68,7.8,,
